id,course,content
ode_1,常微分方程,"判别下列方程是否为恰当方程，并对恰当方程进行求解：
$(4x^{2}y - y)\mathrm{d}x + (3x + y)\mathrm{d}y = 0$."
ode_2,常微分方程,"判别下列方程是否为恰当方程，并对恰当方程进行求解：
$(x + 2y)\mathrm{d}x + (2x - y)\mathrm{d}y = 0$."
ode_3,常微分方程,"判别下列方程是否为恰当方程，并对恰当方程进行求解：
$(a x - b y)\mathrm{d}x + (b x - c y)\mathrm{d}y = 0$ \quad ($a,b,c$为常数)."
ode_4,常微分方程,"判别下列方程是否为恰当方程，并对恰当方程进行求解：
$x^{2}y(y\mathrm{d}x + x\mathrm{d}y) - (2y\mathrm{d}x + x\mathrm{d}y) = 0$."
ode_5,常微分方程,"判别下列方程是否为恰当方程，并对恰当方程进行求解：
$3x^{2}(1 + \ln y)\mathrm{d}x - \left(2y - \frac{x^{3}}{y}\right)\mathrm{d}y = 0$."
ode_6,常微分方程,"判别下列方程是否为恰当方程，并对恰当方程进行求解：
$(2 - 9xy^{2})x\mathrm{d}x + (4y^{2} - 6x^{3})y\mathrm{d}y = 0$."
ode_7,常微分方程,"判别下列方程是否为恰当方程，并对恰当方程进行求解：
$2x(1 + \sqrt{x^{2} - y})\mathrm{d}x - \sqrt{x^{2} - y}\mathrm{d}y = 0$."
ode_8,常微分方程,"判别下列方程是否为恰当方程，并对恰当方程进行求解：
$\mathrm{e}^{-y}\mathrm{d}x - (2y + x\mathrm{e}^{-y})\mathrm{d}y = 0$."
ode_9,常微分方程,"判别下列方程是否为恰当方程，并对恰当方程进行求解：
$\frac{y}{x}\mathrm{d}x + (y^{3} + \ln x)\mathrm{d}y = 0$."
ode_10,常微分方程,"求下列微分方程满足所给条件的特解：
    \begin{enumerate}
        \item $x y\mathrm{d}x + (x + 1)\mathrm{d}y = 0,\ y(1) = 2$;
        \item $(x^{2} - 1)y^{\prime} + 2x y^{2} = 0,\ y(0) = 1$;
        \item $x y^{\prime} + y = y^{2},\ y(1) = \frac{1}{2}$;
        \item $y^{\prime} = \sqrt{4x + 2y - 1},\ y(0) = 1$;
        \item $(x + 2y)y^{\prime} = 1,\ y(0) = -1$;
        \item $x^{2}y^{\prime} - \cos 2y = 1,\ y(+\infty) = \frac{9\pi}{4}$;
        \item $3y^{2}y^{\prime} + 16x = 2xy^{3}$，当 $x \rightarrow +\infty$ 时，$y(x)$ 有界.
    \end{enumerate}"
ode_11,常微分方程,"求解下列微分方程，并作出积分曲线的草图：
    \begin{enumerate}
        \item $y^{\prime} = a y$，其中 $a$ 是不为零的常数；
        \item $y^{\prime} = y^{a}$，其中 $a = \frac{1}{5},1,2$.
    \end{enumerate}"
ode_12,常微分方程,"设有微分方程 $y^{\prime} = f(y)$，其中 $f(y)$ 在 $y = a$ 的某个邻域内连续，且 $f(y) = 0$ 当且仅当 $y = a$。证明：对于直线 $y = a$ 上任一点 $(x_{0},a)$，该方程满足条件 $y(x_{0}) = a$ 的解存在且唯一的充要条件为
    \[
    \left|\int_{a}^{a\pm \epsilon}\frac{1}{f(y)}\mathrm{d}y\right| = +\infty,
    \]
    其中 $\epsilon$ 为任意正数。"
ode_13,常微分方程,"称函数 $f(x,y)$ 是 $d$ 次拟齐次函数，如果
    \[
    f(t^{\alpha s}x,t^{\beta s}y) = t^{d s}f(x,y),
    \]
    其中 $t > 0,\alpha$ 和 $\beta$ 为正常数，且 $\alpha +\beta = 1,s\in \mathbb{R}$。这时 $\alpha$ 和 $\beta$ 分别称为 $x$ 和 $y$ 的权。考虑微分方程
    \[
    P(x,y)\mathrm{d}x + Q(x,y)\mathrm{d}y = 0,
    \]
    其中 $P(x,y)$ 和 $Q(x,y)$ 分别是 $d_{0}$ 次和 $d_{1}$ 次拟齐次函数，$x$ 和 $y$ 的权分别是 $\alpha$ 和 $\beta$。证明：当
    \[
    d_{0} = d_{1} + \beta -\alpha
    \]
    时，该方程可以用初等积分法求解。"
ode_14,常微分方程,"证明：方程
    \[
    y^{\prime} = \sqrt[3]{\frac{y^{2} + 1}{x^{4} + 1}}
    \]
    的每一条积分曲线都有两条水平渐近线。"
ode_15,常微分方程,"设函数 $f(x)$ 在区间 $[1, + \infty)$ 上连续，且为正的。证明：如果
    \[
    \int_{1}^{x}f(t)\mathrm{d}t\leqslant (f(x))^{3},
    \]
    则
    \[
    f(x)\geqslant \sqrt{\frac{2}{3} (x - 1)}.
    \]"
ode_16,常微分方程,"求解下列微分方程：
    \begin{enumerate}
        \item $x y^{\prime} - 2y = 2x^{4}$;
        \item $(2x + 1)y^{\prime} = 4x + 2y$;
        \item $(x y + \mathrm{e}^{x})\mathrm{d}x - x\mathrm{d}y = 0$;
        \item $2x(x^{2} + y)\mathrm{d}x = \mathrm{d}y$;
        \item $(1 - 2x y)y^{\prime} = y(y - 1)$.
    \end{enumerate}"
ode_17,常微分方程,"求出微分方程
    \[
    y^{\prime}\sin 2x = 2(y + \cos x)
    \]
    的当 $x \to \frac{\pi}{2}$ 时仍有界的解。"
ode_18,常微分方程,设在微分方程 $xy' + ay = f(x)$ 中，常数 $a > 0$，$\lim_{x \to 0} f(x) = b$。证明：当 $x \to 0$ 时，该方程只有一个有界的解；并求出这个解当 $x \to 0$ 时的极限。
ode_19,常微分方程,求出微分方程 $y' = 2y \cos^2 x - \sin x$ 的周期解。
ode_20,常微分方程,"假设连续函数 $f(t)$ 满足 $|f(t)| \le M, t \in \mathbb{R}$。证明：微分方程
    \[
    \frac{\mathrm{d}x}{\mathrm{d}t} +x = f(t)
    \]
    在 $- \infty < t < +\infty$ 上只有一个有界解；进一步，如果 $f(t)$ 是周期函数，那么这个有界解也是周期的。"
ode_21,常微分方程,证明：微分方程 $xy' - (2x^2 + 1)y = x^2$ 只有一个解，满足当 $x \to +\infty$ 时有极限；求出这个极限，并用积分表示这个解。
ode_22,常微分方程,"证明：若在 $(- \infty , +\infty)$ 上连续可微且有界的函数 $f(x)$ 满足
    \[
    |f(x) + f'(x)| \le 1,
    \]
    则 $|f(x)| \le 1$。"
ode_23,常微分方程,"求下列微分方程的解：
    \begin{enumerate}
        \item $(x^{2} + y^{2} + x)\mathrm{d}x + y\mathrm{d}y = 0$;
        \item $(x^{2} + y^{2} + y)\mathrm{d}x - x\mathrm{d}y = 0$;
        \item $y\mathrm{d}y = (x\mathrm{d}y + y\mathrm{d}x)\sqrt{1 + y^{2}}$;
        \item $y^{2}\mathrm{d}x - (xy + x^{3})\mathrm{d}y = 0$;
        \item $y\mathrm{d}x - x\mathrm{d}y = 2x^{3}\tan {\frac{y}{x}}\mathrm{d}x$;
        \item $x y\mathrm{d}x = (y^{3} + x^{2}y + x^{2})\mathrm{d}y$;
        \item $(x^{2} - y^{2} + y)\mathrm{d}x + x(2y - 1)\mathrm{d}y = 0$;
        \item $y^{2}(y\mathrm{d}x - 2x\mathrm{d}y) = x^{3}(x\mathrm{d}y - 2y\mathrm{d}x)$.
    \end{enumerate}"
ode_24,常微分方程,"证明：方程(2.18)有形如 $\mu = \mu (\phi (x,y))$ 的积分因子的充要条件是
    \[
    \frac{\frac{\partial P}{\partial y} - \frac{\partial Q}{\partial x}}{Q\frac{\partial\phi}{\partial x} - P\frac{\partial\phi}{\partial y}} = f(\phi (x,y)),
    \]
    其中 $f$ 为某个一元函数。应用这一结果，给出存在下列类型的积分因子的充要条件：
    \begin{enumerate}
        \item $\mu = \mu (x \pm y)$;
        \item $\mu = \mu (x^{2} + y^{2})$;
        \item $\mu = \mu (xy)$;
        \item $\mu = \mu (x^{\alpha} y^{\beta})$ ($\alpha, \beta$ 为常数).
    \end{enumerate}"
ode_25,常微分方程,"求解下列微分方程：
    \begin{enumerate}
        \item $8y^{\prime 3}=27y$;
        \item $y^{\prime 2}+x y=y^{2}+x y^{\prime}$;
        \item $y+x y^{\prime}=4\sqrt{y^{\prime}}$.
    \end{enumerate}"
ode_26,常微分方程,"利用参数法求解下列微分方程：
    \begin{enumerate}
        \item $2x y^{\prime}-y=y^{\prime}\ln(y y^{\prime})$;
        \item $y^{\prime 2}-2x y^{\prime}=x^{2}-4y$.
    \end{enumerate}"
ode_27,常微分方程,求一曲线，使其在任一点处的切线与两条坐标轴所构成三角形的面积为 $2a^{2}$。
ode_28,常微分方程,求曲线族 $x^{2} + y^{2} = cx$ 的正交轨线族，其中 $c$ 为任意常数。
ode_29,常微分方程,求一曲线，使其任一点处的切线与横轴的交点到切点的距离等于该交点到原点的距离。
ode_30,常微分方程,"设 $y = \phi (x)$ 满足 $y^{\prime} + a(x)y\leqslant 0,\ x\geqslant 0$。证明：
    \[
    \phi (x)\leqslant \phi (0)\mathrm{e}^{- \int_{0}^{x}a(s)\mathrm{d}s},\quad x\geqslant 0.
    \]"
ode_31,常微分方程,求解方程 $y = \int_{0}^{x}y(t)\mathrm{d}t + x + 1$。
ode_32,常微分方程,证明：单摆方程 $y^{\prime \prime} + \sin y = 0$ 有当 $x \rightarrow +\infty$ 时趋向于 $\pi$ 的解。
ode_33,常微分方程,"设函数 $f(x)$ 在区间 $(0, + \infty)$ 上可导，且
    \[
    \int_{1}^{x y}f(t)\mathrm{d}t = x\int_{1}^{y}f(t)\mathrm{d}t + y\int_{1}^{x}f(t)\mathrm{d}t,\quad x,y > 0.
    \]
    如果 $f(1) = 3$，求 $f(x)$。"
ode_34,常微分方程,"设当 $x > - 1$ 时，可微函数 $f(x)$ 满足
    \[
    f^{\prime}(x) + f(x) - \frac{1}{x + 1}\int_{0}^{x}f(t)\mathrm{d}t = 0,
    \]
    且 $f(0) = 1$。证明：当 $x \geqslant 0$ 时，$\mathrm{e}^{- x} \leqslant f(x) \leqslant 1$。"
ode_35,常微分方程,"(追线) 在 $(x, y)$-平面上，设点 $B$ 的初始位置为 $(x_{1}, y_{1})$，它以常速度 $b$ 沿直线 $y = kx + l$ 做运动；点 $A$ 从 $(x_{0}, y_{0})$ 处出发追赶点 $B$，它的速度为常值 $a$ $(a > b)$。求点 $A$ 追上点 $B$ 的时间以及点 $A$ 的轨迹。"
ode_36,常微分方程,"设 $\phi(t), \psi(t), \chi(t)$ 是区间 $[a, b]$ 上的连续函数，$\chi(t) > 0$。证明：如果
    \[
    \phi(t) \le \psi(t) + \int_a^t \chi(s) \phi(s) ds,
    \]
    则
    \[
    \phi(t) \le \psi(t) + \int_a^t \chi(s) \psi(s) e^{\int_s^t \chi(\tau) d\tau} ds.
    \]"
ode_37,常微分方程,"设函数 $f$ 定义在 $(t, x)$-平面中的区域 $D$ 上，称其是 Lip 类的，如果存在可积函数 $k(t)$，使得对于一切的 $(t, x), (t, \bar{x}) \in D$，有
    \[
    |f(t, x) - f(t, \bar{x})| \le k(t)|x - \bar{x}|.
    \]
    现在假设 $f$ 是 Lip 类的，$\phi_1(t), \phi_2(t)$ 是区间 $I = [a, b]$ 上的连续函数，$f(t, \phi_j(t))$ ($j = 1, 2$) 在 $I$ 上可积，
    \[
    \phi_j(t) = \phi_j(\tau) + \int_\tau^t f(s, \phi_j(s)) ds + E_j(t), \quad j = 1, 2,
    \]
    并且 $|\phi_1(\tau) - \phi_2(\tau)| \le \delta$，其中 $\tau \in I$，常数 $\delta > 0$，$E_j(t)(j = 1, 2)$ 是定义在 $I$ 上的连续函数。令 $E(t) = |E_1(t)| + |E_2(t)|$。证明：对于 $\tau \le t \le b$，有
    \[
    |\phi_1(t) - \phi_2(t)| \le \delta e^{\int_\tau^t k(s) ds} + E(t) + \int_\tau^t E(s) k(s) e^{\int_s^t k(u) du} ds.
    \]
    对于 $a \le t \le \tau$，也有类似的结论。"
ode_38,常微分方程,证明：若一个函数序列在有界区间 $I$ 上一致有界且等度连续，则在 $I$ 上它至少有一个一致收敛的子序列，该结论在无限区间上成立吗？
ode_39,常微分方程,"求出下面微分方程的 Picard 序列中的 $y_0, y_1, y_2$：$y^{\prime} = x - y^{2}$。"
ode_40,常微分方程,"求初值问题
    \[
    \frac{\mathrm{d}y}{\mathrm{d}x} = x + y + 1, \quad y(0) = 0
    \]
    的 Picard 序列，并由此取极限求解。"
ode_41,常微分方程,"在定理 3.1 中，将函数 $f(x, y)$ 的条件用下面的条件替代：
    \[
    \begin{aligned}
    & |f(x, y)| \leqslant k(x)(1 + |y|), \\
    & |f(x, y_1) - f(x, y_2)| \leqslant k(x)|y_1 - y_2|,
    \end{aligned}
    \]
    其中 $k(x)$ 是可积函数。假设 $f(x, y)$ 是连续函数。证明：存在区间 $x_0 \leqslant x \leqslant x_0 + \alpha$，使得 Picard 序列一致收敛到 Cauchy 问题 (3.1), (3.2) 的解。"
ode_42,常微分方程,利用 Banach 压缩映像原理证明 Picard 定理。
ode_43,常微分方程,"假设函数 $f(x, y)$ 在闭区域 $D = \{(x, y) | 0 \le x \le a, |y| \le b\}$ 上连续。进一步，假设对于任意的 $y_1 \le y_2$，有 $f(x, y_1) \le f(x, y_2)$，且 $f(x, 0) \ge 0$。对于初值问题
    \[
    \frac{\mathrm{d}y}{\mathrm{d}x} = f(x, y), \quad y(0) = 0
    \]
    构造 Picard 序列
    \[
    y_{0}(x) \equiv 0, \quad y_{n}(x) = \int_{0}^{x} f(s, y_{n - 1}(s)) \mathrm{d}s, \quad n = 1, 2, \dots
    \]
    证明：该序列在区间 $0 \le x \le h$ 上收敛到上述初值问题的解，其中
    \[
    h = \min \left\{a, \frac{b}{M}\right\}, \quad M = \max_{(x, y) \in D} |f(x, y)|.
    \]"
ode_44,常微分方程,"考虑与 Cauchy 问题 (3.1), (3.2) 等价的积分方程
    \[
    y(x) = y_{0} + \int_{x_{0}}^{x}f(s,y(s))\mathrm{d}s.
    \]
    在区间 $I = [x_{0},x_{0} + h]$ 上 ($h$ 的意义与 Picard 定理中的相同) 构造序列 $\{y_{n}(x)\}$ 如下：对于每个正整数 $n$，将区间 $I$ 等分，其分点为 $x_{k} = x_{0} + k d_{n}$，其中 $d_{n} = \frac{h}{n}, k = 1,2,\dots ,n - 1$，并记 $x_{n} = x_{0} + h$，进而定义
    \[
    y_{n}(x) = y_{0} + \sum_{i=0}^{k-1} f(x_i, y_n(x_i)) d_n + f(x_k, y_n(x_k))(x - x_k), \quad x_k \le x \le x_{k+1}.
    \]
    称序列 $y_{1}(x), y_{2}(x), \dots , y_{n}(x), \dots$ 为 Tonelli 序列。
    \begin{enumerate}
        \item 用 Tonelli 序列和 Ascoli-Arzelà 引理来证明 Peano 定理。
        \item 用 Tonelli 序列来证明 Picard 定理，即在 Picard 定理的条件下，Tonelli 序列是一致收敛的。
    \end{enumerate}"
ode_45,常微分方程,"令函数
    \[
    \alpha(x) = \begin{cases}
    3x, & 0 \le x \le \frac{1}{3},\\
    1, & \frac{1}{3} \le x \le \frac{2}{3},\\
    3(1-x), & \frac{2}{3} \le x \le 1,
    \end{cases}
    \]
    在条形闭区域 $G:0\leqslant x\leqslant 1, - \infty < y< +\infty$ 上定义连续函数
    \[
    f(x,y) = \begin{cases}
    0, & y \ge \alpha(x), \\
    -\alpha'(x), & -\alpha(x) < y < \alpha(x),\\
    0, & y \le -\alpha(x).
    \end{cases}
    \]
    考虑初值问题 $y' = f(x,y), y(0)=0$。将区间 $0\leqslant x\leqslant 1$ 分成 $n$ 等份，仿照本节的方法构造一条 Euler 折线 $y = \phi_{n}(x)$ $(0\leqslant x\leqslant 1)$。证明：当 $\frac{1}{n}\leqslant x\leqslant 1$ 时，有
    \begin{enumerate}
        \item 若 $n$ 为偶数，则 $\phi_{n}(x)\geqslant \alpha (x)$；
        \item 若 $n$ 为奇数，则 $\phi_{n}(x)\leqslant - \alpha (x)$。
    \end{enumerate}
    由此可知 Euler 序列 $\{\phi_{n}(x)\}$ 是不收敛的。进一步，证明该初值问题的解不是唯一的。"
ode_46,常微分方程,"对于怎样的 $a$，下列微分方程的每个解都能延伸到无穷区间 $(- \infty , + \infty)$ 上？
    \begin{enumerate}
        \item $y' = y^a \sin y$;
        \item $y' = y^2 + a$.
    \end{enumerate}"
ode_47,常微分方程,"证明：初值问题 $y' = x + y^2, y(x_0) = y_0$ 的解在区间 $[x_0, + \infty)$ 上存在。"
ode_48,常微分方程,"考虑初值问题
    \[
    y' = f(x,y), \quad y(0) = 0,
    \]
    其中函数 $f(x,y)$ 在闭区域 $0\leqslant x\leqslant a, - \infty < y< +\infty$ 上连续，且满足
    \[
    |f(x,y) - f(x,z)|\leqslant \frac{q}{x} |y - z|,
    \]
    这里 $q$ ($0< q< 1$) 为常数。证明：该初值问题的解在区间 $[0,a]$ 上是存在且唯一的。"
ode_49,常微分方程,"假设函数 $f(x,y)$ 在闭区域 $0\leqslant x\leqslant a, - \infty < y< +\infty$ 上连续。记 $\phi (x,\xi)$ 是微分方程 $y^{\prime} = f(x,y)$ 满足初始条件 $\phi (0,\xi) = \xi$ 的解。进一步，假设 $\phi (x,\xi)$ 在区间 $[0,\bar{x})$ 上存在，$\bar{x}< a$。证明下列三个结论之一成立：
    \begin{enumerate}
        \item $\lim_{x\to \bar{x} - 0}\phi (x,\xi)$ 有限，此时解 $y = \phi (x,\xi)$ 可以延伸至 $x = \bar{x}$；
        \item $\lim_{x\to \bar{x} - 0}\phi (x,\xi) = +\infty$；
        \item $\lim_{x\to \bar{x} - 0}\phi (x,\xi) = -\infty$。
    \end{enumerate}"
ode_50,常微分方程,"假设函数 $f(x,y)$ 在闭区域 $0\leqslant x\leqslant a, - \infty < y< +\infty$ 上连续，并且存在定义在区间 $[0, + \infty)$ 上的连续函数 $\psi (y)$ 以及常数 $\delta_{0}\geqslant 0$，使得
    \[
    |f(x,y)|< \psi (|y|),\quad \int_{\delta_{0}}^{+\infty}{\frac{1}{\psi(y)}}\mathrm{d}y = +\infty .
    \]
    证明：微分方程 $y^{\prime} = f(x,y)$ 满足初始条件 $y(0) = \xi$ 的解的存在区间为 $[0,a]$。"
ode_51,常微分方程,"假设函数 $f(x,y)$ 在有界闭区域 $G$ 上对 $y$ 满足局部 Lipschitz 条件。证明：$f(x,y)$ 在 $G$ 上对 $y$ 满足 Lipschitz 条件，即存在常数 $L > 0$，使得对于任意的 $(x,y_{1}),(x,y_{2})\in G$，有
    \[
    |f(x,y_{1}) - f(x,y_{2})|\leqslant L|y_{1} - y_{2}|.
    \]"
ode_52,常微分方程,"考虑初值问题
    \[
    y' = f(x,y), \quad y(x_0) = y_0.
    \]
    设函数 $f(x,y)$ 在矩形闭区域 $D = \{(x,y)||x - x_{0}|\leqslant a,|y - y_{0}|\leqslant b\}$ 上连续，令
    \[
    M = \max_{(x,y)\in D}|f(x,y)|,\quad h = \min\left\{a,\frac{b}{M}\right\}.
    \]
    证明：该初值问题的最大解 $y = Z(x)$ 与最小解 $y = W(x)$ 之间充满了其他解，即对于任一满足
    \[
    |x_{1} - x_{0}|\leqslant h,\quad W(x_{1})\leqslant y_{1}\leqslant Z(x_{1})
    \]
    的点 $(x_{1},y_{1})$，该初值问题在 $|x - x_{0}|\leqslant h$ 上至少有一个解 $y = \phi (x)$ 满足 $\phi (x_{1}) = y_{1}$。"
ode_53,常微分方程,证明引理 3.7。
ode_54,常微分方程,"设连续函数 $E(y)$ 满足条件 $E(0) = 0,\ E(y)\neq 0,\ 0< y\leqslant 1$。证明：$y \equiv 0$ 是微分方程 $y^{\prime} = E(y)$ 的奇解的充要条件是 $\int_{0}^{1}{\frac{\mathrm{d}y}{E(y)}}$ 收敛。"
ode_55,常微分方程,求函数 $f$，使 $y = \sin x$ 是微分方程 $y = x y^{\prime} + f(y^{\prime})$ 的奇解。
ode_56,常微分方程,给定平面上一条连续可微曲线 $\gamma : y = f(x)$，试找出一个以 $y = f(x)$ 为奇解的微分方程。
ode_57,常微分方程,"求微分方程
    \[
    \left(\frac{\mathrm{d}y}{\mathrm{d}x}\right)^{4} - \left(\frac{\mathrm{d}y}{\mathrm{d}x}\right)^{3} - y^{2}\frac{\mathrm{d}y}{\mathrm{d}x} + y^{2} = 0
    \]
    的通积分及积分曲线族的包络。"
ode_58,常微分方程,"已知微分方程的通解如下 ($c$ 为任意常数)，求出微分方程的解：
    \begin{enumerate}
        \item $y = c x^{2} - c^{2}$;
        \item $y = c(x - c)^{2}$;
        \item $y = c(x + c)^{2}$;
        \item $y = \frac{1}{2} c(x + c)^{2}$;
        \item $y = \frac{1}{2} c^{2} + c^{2}$;
        \item $y = \frac{1}{2} c^{2} + c$;
    \end{enumerate}"
ode_59,常微分方程,求一条曲线，使其任一点处的切线与两条坐标轴所围成三角形的面积为 $a^{2}$。
ode_60,常微分方程,举例说明：当微分方程初值问题的解不唯一时，它的积分曲线族在局部范围内不能视作平行直线族。
ode_61,常微分方程,举例说明：当微分方程初值问题的解不唯一时，过某个初值点的最大解对于初值不是连续的。
ode_62,常微分方程,"考虑初值问题
    \[
    y' = f(x,y), \quad y(x_0) = y_0,
    \]
    其中 $f(x,y)$ 是连续函数。设 $y = \phi (x;x_{0},y_{0})$ 是该初值问题的最大解。证明：$\phi (x;x_{0},y_{0})$ 对于 $y_{0}$ 是右连续的，即
    \[
    \lim_{y_{1}\to y_{0} + 0}\phi (x;x_{0},y_{1}) = \phi (x;x_{0},y_{0})
    \]
    在 $|x - x_{0}|\leqslant \alpha$ 上成立，其中 $\alpha >0$ 是常数。"
ode_63,常微分方程,"设函数 $y = y(x,\eta)$ 是初值问题
    \[
    \frac{\mathrm{d}y}{\mathrm{d}x} = \sin(xy) + \eta, \quad y(0) = 0
    \]
    的解。证明：$\frac{\partial y}{\partial \eta} (x,\eta) > 0$。"
ode_64,常微分方程,"设函数 $y(x;x_{0},y_{0})$ 是初值问题
    \[
    \frac{\mathrm{d}y}{\mathrm{d}x} = f(x,y), \quad y(x_0) = y_0
    \]
    的解，其中函数 $f(x,y)$ 关于 $(x,y)$ 是连续可微的。证明：
    \[
    \frac{\partial y}{\partial x_{0}} (x;x_{0},y_{0}) + \frac{\partial y}{\partial y_{0}} (x;x_{0},y_{0})f(x_{0},y_{0}) \equiv 0.
    \]"
ode_65,常微分方程,"考虑二阶微分方程
    \[
    x^{\prime \prime}(t) + c x^{\prime}(t) + g(x) = p(t),
    \]
    其中 $p(t)$ 是 $2\pi$-周期的连续函数，$g(x)$ 是连续可微函数，$c$ 为常数。假设该方程的解是大范围存在的。考虑 $(x, x'(t))$-平面上的变换
    \[
    \Phi :(x(0),x^{\prime}(0))\mapsto (x(2\pi),x^{\prime}(2\pi)).
    \]
    证明：对于 $(x,x^{\prime}(t))$-平面上的有界区域 $D$，有
    \[
    \mathrm{Area}(\Phi (D)) = \mathrm{e}^{-2\pi c}\mathrm{Area}(D).
    \]"
ode_66,常微分方程,"求给定微分方程初值问题的解对初值或参数的导数：
    \begin{enumerate}
        \item $y' = x + y + \lambda y^2, \ y(0) = 0$，求 $\left.\frac{\partial y}{\partial \lambda}\right|_{\lambda = 0}$；
        \item $y' = x^2 + \mu y^3, \ y(0) = 1$，求 $\left.\frac{\partial y}{\partial \mu}\right|_{\mu = 0}$。
    \end{enumerate}"
ode_67,常微分方程,证明定理 4.7。
ode_68,常微分方程,"设 $\Phi (x)$ 是齐次线性微分方程组(5.2)的一个基本解矩阵，并且函数 $f(x,y)$ 在区域 $E: a < x < b, |y| < +\infty$ 上连续。证明：初值问题
    \[
    \frac{\mathrm{d}y}{\mathrm{d}x} = A(x)y + f(x,y), \quad y(x_0) = y_0
    \]
    等价于积分方程
    \[
    y(x) = \Phi (x)\Phi^{-1}(x_{0})y_{0} + \int_{x_{0}}^{x}\Phi (x)\Phi^{-1}(s)f(s,y(s))\mathrm{d}s,
    \]
    其中 $x_{0} \in (a, b)$。"
ode_69,常微分方程,"设当 $x \in (a, b)$ 时，线性微分方程组(5.1)中的函数 $f(x, y)$ 不恒为零，证明：方程组(5.1)有且至多有 $n + 1$ 个线性无关解。"
ode_70,常微分方程,"证明：向量组
    \[
    \begin{pmatrix} 1 \\ 0 \\ 0 \end{pmatrix},\quad \begin{pmatrix} x \\ 1 \\ 0 \end{pmatrix},\quad \begin{pmatrix} x^2 \\ 2x \\ 2 \end{pmatrix}
    \]
    不可能同时满足任何一个三阶齐次线性微分方程组。"
ode_71,常微分方程,"求解微分方程组
    \[
    \frac{\mathrm{d}x}{\mathrm{d}t} = \frac{2}{t} x + 1, \quad \frac{\mathrm{d}y}{\mathrm{d}t} = \frac{1}{t} x + y.
    \]"
ode_72,常微分方程,"考虑初值问题
    \[
    \frac{\mathrm{d}y}{\mathrm{d}x} = f(x, y), \quad y(x_0) = y_0,
    \]
    其中 $f(x, y)$ 关于 $x$ 连续，关于 $y$ 连续可微。设 $y = \phi (x; x_{0}, y_{0})$ 是其唯一解。证明：
    \[
    \operatorname{det}\frac{\partial\phi}{\partial y_{0}} (x;x_{0},y_{0}) = \mathrm{e}^{\int_{x_{0}}^{x}\mathrm{tr}\left(\frac{\partial f}{\partial y}(s,\phi (s;x_{0},y_{0}))\right)\mathrm{d}s}.
    \]"
ode_73,常微分方程,"求解微分方程 $\frac{\mathrm{d}y}{\mathrm{d}x} = A y$，其中矩阵 $A$ 如下：
    \begin{enumerate}
        \item $A = \begin{pmatrix} 2 & 1 \\ 3 & 4 \end{pmatrix}$;
        \item $A = \begin{pmatrix} 1 & -1 \\ -4 & 1 \end{pmatrix}$;
        \item $A = \begin{pmatrix} 1 & 2 & -1 \\ 2 & 1 & -1 \\ 1 & -1 & 2 \end{pmatrix}$;
        \item $A = \begin{pmatrix} 1 & -1 & -1 \\ 1 & 1 & 0 \\ 3 & 0 & 1 \end{pmatrix}$;
        \item $A = \begin{pmatrix} 4 & -1 & -1 \\ 1 & 2 & -1 \\ 1 & -1 & 2 \end{pmatrix}$;
        \item $A = \begin{pmatrix} 2 & -1 & -1 \\ 3 & -2 & -3 \\ -1 & 1 & 2 \end{pmatrix}$;
        \item $A = \begin{pmatrix} 0 & 1 & 0 \\ 0 & 0 & 1 \\ 1 & -3 & 3 \end{pmatrix}$;
        \item $A = \begin{pmatrix} 1 & 2 & 2 \\ 2 & 1 & 2 \\ 2 & 2 & 1 \end{pmatrix}$.
    \end{enumerate}"
ode_74,常微分方程,"求解下列非齐次线性微分方程组：
    \begin{enumerate}
        \item $\frac{\mathrm{d}x}{\mathrm{d}t} = x + 2y + e^t,\ \frac{\mathrm{d}y}{\mathrm{d}t} = 2x + y + e^{2t}$;
        \item $\frac{\mathrm{d}x}{\mathrm{d}t} = 2x - y + z,\ \frac{\mathrm{d}y}{\mathrm{d}t} = x + z,\ \frac{\mathrm{d}z}{\mathrm{d}t} = -x + y + 2z + e^t$;
        \item $\frac{\mathrm{d}x}{\mathrm{d}t} = 3x - y + z,\ \frac{\mathrm{d}y}{\mathrm{d}t} = x + y + z,\ \frac{\mathrm{d}z}{\mathrm{d}t} = 4x - y + 4z + 3e^t$.
    \end{enumerate}"
ode_75,常微分方程,"利用常数变易法求解下列非齐次线性微分方程组：
    \begin{enumerate}
        \item $\frac{\mathrm{d}x}{\mathrm{d}t} = y + \tan^2 t - 1,\ \frac{\mathrm{d}y}{\mathrm{d}t} = -x + \tan t$;
        \item $\frac{\mathrm{d}x}{\mathrm{d}t} = y - z + \cos t,\ \frac{\mathrm{d}y}{\mathrm{d}t} = -x + \sin t,\ \frac{\mathrm{d}z}{\mathrm{d}t} = 2y - z$.
    \end{enumerate}"
ode_76,常微分方程,若微分方程组 $y' = A y + f(x)$ 对于每个以 $\omega$ 为周期的连续向量函数 $f(x)$ 都具有以 $\omega$ 为周期的解，需要对矩阵 $A$ 的特征值加上什么条件？
ode_77,常微分方程,"求解下列微分方程：
    \begin{enumerate}
        \item $y'' + y' - 2y = 0$;
        \item $y'' + 4y = 0$;
        \item $y^{(4)} - 5y'' + 4y = 0$;
        \item $y'' + y = 4\sin x$;
        \item $y'' - 4y' + 8y = e^{2x} + \sin 2x$;
        \item $y'' - 2y' + y = 6x e^x$;
        \item $y'' - 6y' + 8y = 5x e^{4x} + 2e^{4x} \sin x$.
    \end{enumerate}"
ode_78,常微分方程,"利用常数变易法求解下列微分方程：
    \begin{enumerate}
        \item $y'' - 2y' + y = x^{-1} e^x$;
        \item $y'' + 4y = 2\tan x$;
        \item $y'' - y = x^{-1} - 2x^{-3}$.
    \end{enumerate}"
ode_79,常微分方程,"考虑微分方程
    \[
    y'' + a y' + b y = f(x),
    \]
    其中 $a,b$ 为常数，连续函数 $f(x)$ 满足 $|f(x)| \le m$，而对应的特征方程的根为 $\lambda_1, \lambda_2$，且 $\lambda_2 < \lambda_1 < 0$。求出该方程的有界解，并证明：
    \begin{enumerate}
        \item 该方程的其他解当 $x \to +\infty$ 时趋向于有界解；
        \item 如果 $f(x)$ 是周期函数，则该方程的有界解也是周期的。
    \end{enumerate}"
ode_80,常微分方程,"证明微分方程 $y'' - x^2 y = 0$ 以 $y(0) = 1, y'(0) = 0$ 为初始条件的解是一个处处为正的偶函数。"
ode_81,常微分方程,"考虑微分方程 $y'' + y = 0$。设 $y = c(x)$ 和 $y = s(x)$ 分别是该方程满足初始条件 $c(0) = 1, c'(0) = 0$ 和 $s(0) = 0, s'(0) = 1$ 的解。不求解微分方程请证明：
    \begin{enumerate}
        \item $c(x)$ 是偶函数，$s(x)$ 是奇函数；
        \item $s^2(x) + c^2(x) \equiv 1$；
        \item $s(\alpha + \beta) = s(\alpha)c(\beta) + s(\beta)c(\alpha)$；
        \item 如果 $T$ 是 $c(x)$ 在 $x>0$ 上的第一个零点，则 $c(x)$ 和 $s(x)$ 均是以 $4T$ 为周期的。
    \end{enumerate}"
ode_82,常微分方程,"设有初值问题
    \[
    y'' + p(x)y' + q(x)y = 0, \quad y(x_0) = y_0, \ y'(x_0) = y_0',
    \]
    其中函数 $p(x)$ 和 $q(x)$ 在区间 $|x - x_0| < r$ 上可以展开成 $x - x_0$ 的收敛幂级数。证明：该初值问题的解 $y = y(x)$ 在区间 $|x - x_0| < r$ 上也可以展开成 $x - x_0$ 的收敛幂级数。"
ode_83,常微分方程,求解 Airy 方程：$y'' - x y = 0$。
ode_84,常微分方程,"求下列微分方程在 $x = x_0$ 处的两个线性无关解：
    \begin{enumerate}
        \item $y'' - x y' - y = 0,\ x_0 = 0$;
        \item $y'' - x y' - y = 0,\ x_0 = 1$.
    \end{enumerate}"
ode_85,常微分方程,求微分方程 $y'' + (\cos x) y = 0$ 在 $x = 0$ 处展开的两个线性无关的幂级数解。
ode_86,常微分方程,"判别 $x = -1, 0, 1$ 是下列微分方程的什么点（常点、正则奇点或非正则奇点）：
    \begin{enumerate}
        \item $x y'' + (1 - x) y' + x y = 0$;
        \item $2x^2(1 - x^2) y'' + 2x y' + 3x^2 y = 0$;
        \item $x^2(1 - x^2) y'' + 2x^{-1} y' + 4y = 0$.
    \end{enumerate}"
ode_87,常微分方程,"利用广义幂级数求解下列微分方程：
    \begin{enumerate}
        \item $2x y'' + y' + x y = 0$;
        \item $x y'' + y' - y = 0$.
    \end{enumerate}"
ode_88,常微分方程,"证明注 7.1 的结论：在定理 7.1 中，如果 $R(x) > Q(x)$，则结论可以加强为“存在 $\bar{x} \in (x_1, x_2)$，使得 $\psi(\bar{x}) = 0$”。"
ode_89,常微分方程,"考虑微分方程 $y'' + Q(x)y = 0$。假设函数 $Q(x)$ 在 $\mathbb{R}$ 上连续且存在正数 $m, M$，使得 $m < Q(x) < M$。证明该方程的任意非零解 $y = \phi(x)$ 都是无限振动的；如果 $x_1, x_2$ $(x_1 < x_2)$ 是 $\phi(x)$ 的两个相邻零点，则
    \[
    \frac{\pi}{\sqrt{M}} < x_2 - x_1 < \frac{\pi}{\sqrt{m}}.
    \]"
ode_90,常微分方程,"假设 $y(x)$ 和 $z(x)$ 分别是方程 $y'' + q(x)y = 0$ 和 $z'' + Q(x)z = 0$ 的满足初始条件 $y(x_0) = z(x_0), y'(x_0) = z'(x_0)$ 的解，并假定在区间 $(x_0, x_1)$ 上，$Q(x) > q(x), y(x) > 0, z(x) > 0$。证明：函数 $\frac{z(x)}{y(x)}$ 在此区间上是单调递减的。"
ode_91,常微分方程,"设 $y = \phi(x)$ 是微分方程 $y'' + q(x)y = 0$ 的非零解，其中连续函数 $q(x) > 0$，又假定 $x_1, x_2, \dots, x_n, \dots$ 是 $\phi(x)$ 的依次增大的零点。证明：如果函数 $q(x)$ 是严格单调递增的，则
    \[
    x_{n+1} - x_n < x_n - x_{n-1}.
    \]"
ode_92,常微分方程,"假设上一题的所有假设均成立，记
    \[
    b_n = \max_{x \in [x_n, x_{n+1}]} |\phi(x)|, \quad n = 1, 2, \dots
    \]
    证明：$b_1 > b_2 > b_3 > \cdots$。"
ode_93,常微分方程,在第 4 题的假设之下，进一步假设 $\lim_{x \to +\infty} q(x) = C > 0$。证明：$\lim_{n \to +\infty} b_n > 0$。
ode_94,常微分方程,"假设函数 $q(x) \le 0$ 是连续的。证明：微分方程
    \[
    y'' + q(x)y = 0
    \]
    满足 $y(0) = a, y(1) = b$ 的解存在且唯一，进一步，如果 $a \neq 0, b = 0$，则这个解在区间 $[0, 1]$ 上是严格单调的。"
ode_95,常微分方程,"设 $f(x, y, u)$ 是连续可微函数，$0 \le x \le 1$，又假设 $y = \phi(x)$ 是微分方程
    \[
    y'' = f(x, y, y')
    \]
    在区间 $[0, 1]$ 上的解，且 $\phi(0) = a, \phi(1) = b, \frac{\partial f}{\partial y} > 0$ 对于一切的 $x \in [0, 1]$ 和 $(y, u)$ 均成立。证明如果 $\beta$ 充分接近 $b$，则该方程存在解 $y = \psi(x)$，使得 $\psi(0) = a, \psi(1) = \beta$。"
ode_96,常微分方程,"求解边值问题：
    \begin{enumerate}
        \item $y'' + y = 0, \quad y(0) = 0, \ y(1) = 0$;
        \item $y'' + y = 0, \quad y'(0) = 0, \ y'(1) = 0$.
    \end{enumerate}"
ode_97,常微分方程,"证明：边值问题
    \[
    y'' - \lambda x y' + \lambda y = 0, \quad y(1) = 0, \ y(2) = 0
    \]
    没有非零解，其中 $\lambda$ 为实参数。"
ode_98,常微分方程,"对于怎样的 $\lambda$，边值问题
    \[
    y'' + \lambda y = 1, \quad y(0) = 0, \ y(1) = 0
    \]
    无解？"
ode_99,常微分方程,"讨论非齐次线性微分方程的 Sturm-Liouville 边值问题
    \[
    y'' + (\lambda r(x) + q(x))y = f(x),
    \]
    \[
    y(0) \cos \alpha - y'(0) \sin \alpha = 0, \quad y(1) \cos \beta - y'(1) \sin \beta = 0,
    \]
    其中 $r(x), q(x)$ 均为连续函数，$r(x) > 0$。证明当 $\lambda$ 不是对应的齐次线性微分方程的 Sturm-Liouville 边值问题的特征值时，它有且仅有一个解；当 $\lambda = \lambda_m$ 是特征值时，它有解的充要条件是
    \[
    \int_0^1 f(x) \phi_m(x) dx = 0,
    \]
    其中 $\phi_m(x)$ 是对应于特征值 $\lambda_m$ 的特征函数。"
ode_100,常微分方程,"证明：微分方程
    \[
    \frac{\mathrm{d}^2 x}{\mathrm{d}t^2} + 2x = 3\sin t + \lambda x^2
    \]
    当 $\lambda$ 是小参数时至少有一个 $2\pi$-周期解。"
ode_101,常微分方程,"证明：微分方程
    \[
    \frac{\mathrm{d}^2 x}{\mathrm{d}t^2} + 2x = \lambda \sin t + x^3
    \]
    当 $\lambda$ 是小参数时至少有一个 $2\pi$-周期解。"
ode_102,常微分方程,"证明：微分方程
    \[
    \frac{\mathrm{d}^2 x}{\mathrm{d}t^2} + x + \arctan x = \sin t
    \]
    没有 $2\pi$ 周期解。"
ode_103,常微分方程,"考虑微分方程
    \[
    \frac{\mathrm{d}^2 x}{\mathrm{d}t^2} + \omega^2 x = p(t),
    \]
    其中 $p$ 是 $2\pi$-周期的连续函数，正数 $\omega \notin \mathbb{Z}$。证明：
    \begin{enumerate}
        \item 该方程有唯一的 $2\pi$-周期解；
        \item 该方程的所有解均是有界的，即对于该方程的任一解 $x(t)$，存在常数 $M > 0$，使得
        \[
        \sup_{t \in \mathbb{R}} (|x(t)| + |x'(t)|) < M.
        \]
    \end{enumerate}"
algebra_1,近世代数,"设 \(B\), \(A_{i}\) \((i \in I)\) 均是集合 \(\Omega\) 的子集, 试证:
\[
B\cap \left(\bigcup_{i\in I}A_{i}\right) = \bigcup_{i\in I}(B\cap A_{i}).
\]
\[
B\cup \left(\bigcap_{i\in I}A_{i}\right) = \bigcap_{i\in I}(B\cup A_{i}).
\]
\[
\overline{\bigcup_{i\in I}A_{i}} = \bigcap_{i\in I}\overline{A_{i}}.
\]
\[
\overline{\bigcap_{i\in I}A_{i}} = \bigcup_{i\in I}\overline{A_{i}}.
\]"
algebra_2,近世代数,"设 \(f: A \longrightarrow B\) 是集合的映射 \((A, B\) 是非空集合), 试证:
(1) \(f\) 为单射 \(\Longleftrightarrow\) 存在 \(g: B \longrightarrow A\), 使得 \(gf = 1_{A}\).
(2) \(f\) 为满射 \(\Longleftrightarrow\) 存在 \(h: B \longrightarrow A\), 使得 \(fh = 1_{B}\)."
algebra_3,近世代数,"如果 \(f: A \longrightarrow B\), \(g: B \longrightarrow C\) 均是一一对应, 则 \(gf: A \longrightarrow C\) 也是一一对应, 且 \((gf)^{-1} = f^{-1}g^{-1}\)."
algebra_4,近世代数,"设 \(A\) 是有限集, \(P(A)\) 是 \(A\) 的全部子集(包括空集)所构成的集族. 试证 \(|P(A)| = 2^{|A|}\). 换句话说, \(n\) 元集合共有 \(2^{n}\) 个不同的子集."
algebra_5,近世代数,"设 \(f: A \longrightarrow B\) 是集合的映射. 在集合 \(A\) 上如下定义一个关系: 对任意 \(a, a' \in A\), \(a \sim a'\) 当且仅当 \(f(a) = f(a')\). 试证这样定义的关系是一个等价关系."
algebra_6,近世代数,"设 \(A, B\) 是两个有限集合, 则
(1) \(A\) 到 \(B\) 的不同映射共有多少个?
(2) \(A\) 上不同的二元运算共有多少个?
(3) \(A\) 到 \(B\) 的单射共有多少个?"
algebra_7,近世代数,"证明等价关系的三个条件是互相独立的, 即: 已知任意两个条件不能推出第三个条件."
algebra_8,近世代数,"设 V 是数域上的线性空间, 证明 V 有一组基."
algebra_9,近世代数,"令 N 是所有 \(n \times n\) 上三角非奇异复方阵的集合, P 是主对角线上的元都是 1 的上三角方阵的集合, 运算定义为矩阵的乘法. 试证 N 和 P 都是群."
algebra_10,近世代数,"令 G 是实数对 \((a, b)\), \(a \neq 0\) 的集合, 在 G 上定义 \((a, b)(c, d) = (ac, ad + b)\). 试证 G 是群."
algebra_11,近世代数,"令 \(\Omega\) 是任意一个集合, G 是一个群, \(G^{\Omega}\) 是 \(\Omega\) 到 G 的所有映射的集合. 对任意两个映射 \(f, g \in G^{\Omega}\), 定义乘积 \(fg\) 是这样的映射: 对任意 \(a \in \Omega\), \((fg)(a) = f(a)g(a)\). 试证 \(G^{\Omega}\) 是群."
algebra_12,近世代数,"令 G 是所有秩不大于 r 的 \(n \times n\) 复方阵的集合, 试证在矩阵的乘法下 G 成半群."
algebra_13,近世代数,"举出一个半群的例子, 它不是含幺半群; 再举出一个含幺半群的例子, 它不是群."
algebra_14,近世代数,"(这可作为群的另一定义, 即群的单边定义) 设 G 是一个半群, 如果
(a) G 中含有左幺元 e, 即对任意 a ∈ G, ea = a.
(b) G 的每个元 a 有左逆 \(a^{-1}\), 使得 \(a^{-1} \cdot a = e\).
试证 G 是群."
algebra_15,近世代数,"(这可作为群的另一定义: 即群的除法定义) 设 G 是半群, 若对任意 \(a, b \in G\), 方程 \(xa = b\) 和 \(ay = b\) 在 G 内有解, 则 G 是群."
algebra_16,近世代数,"(这可作为有限群的另一定义) 设 G 是一个有限半群, 如果在 G 内左右消去律均成立, 即由 \(ax = ay\) 或 \(xa = ya\) 可推出 \(x = y\), 则 G 是群."
algebra_17,近世代数,"设 G 是含幺半群, \(a, b \in G\).
(1) 如果 a 有逆元 \(a^{-1}\), 则 \(a^{-1}\) 也有逆元且 \((a^{-1})^{-1} = a\).
(2) 如果 a 和 b 都具有逆元, 则 ab 也有逆元, 且 \((ab)^{-1} = b^{-1}a^{-1}\)."
algebra_18,近世代数,"设 \(f: G \longrightarrow H\) 是群的同态, 则 \(f(1_G) = 1_H\); 且对任意 \(x \in G\) 有 \(f(x^{-1}) = f(x)^{-1}\)."
algebra_19,近世代数,"对任意 \(a \in G\), \(a \mapsto a^{-1}\) 是群 G 的自同构当且仅当 G 是 Abel 群."
algebra_20,近世代数,证明有理数加法群 \(\mathbb{Q}\) 和非零有理数乘法群 \(\mathbb{Q}^{*}\) 不同构.
algebra_21,近世代数,"证明:
(1)有理数加法群 \(\mathbb{Q}\) 和正有理数乘法群 \(\mathbb{Q}^{+}\) 不同构.
(2)实数加法群 \(\mathbb{R}\) 同构于正实数乘法群 \(\mathbb{R}^{+}\)."
algebra_22,近世代数,"在偶数阶群 G 中,方程 \(x^{2} = 1\) 总有偶数个解."
algebra_23,近世代数,"令 G 是 n 阶有限群, S 是 G 的一个子集, \(|S| > \frac{n}{2}\). 试证对任意 \(g \in G\), 存在 \(a, b \in S\) 使得 \(g = ab\)."
algebra_24,近世代数,求有理数加法群 \(\mathbb{Q}\) 的自同构群 \(\operatorname{Aut}(\mathbb{Q})\).
algebra_25,近世代数,"b 是含幺半群 G 中的元 a 的逆元当且仅当成立 \(aba = a\), \(ab^{2}a = 1\)."
algebra_26,近世代数,"令 G 是 n 阶有限群, \(a_{1}, a_{2}, \dots, a_{n}\) 是群 G 的任意 n 个元, 不一定两两不同. 试证存在整数 p 和 q, \(1 \le p \le q \le n\), 使得 \(a_{p}a_{p+1}\dots a_{q} = 1\)."
algebra_27,近世代数,"群 G 的自同构 \(\alpha\) 称为没有不动点的自同构, 是指对 G 的任意元 \(g \neq 1\) 有 \(\alpha(g) \neq g\). 如果有限群 G 具有一个没有不动点的自同构 \(\alpha\) 且 \(\alpha^{2} = 1\), 则 G 一定是奇数阶 Abel 群."
algebra_28,近世代数,"设 \(a, b\) 是群 G 的两个元, 满足 \(aba = ba^{2}b\), \(a^{3} = 1\), \(b^{2n-1} = 1\). 试证 \(b = 1\)."
algebra_29,近世代数,"设 A 是群 G 的非空子集, 试证 A 是 G 的子群当且仅当对任意元 \(a, b \in A\), \(ab^{-1} \in A\) (这也相当于 \(AA^{-1} = A\))."
algebra_30,近世代数,"设群 G 中元 g 的阶 \(o(g) = mn\), \((m, n) = 1\). 则 \(g = ab\), \(o(a) = m\), \(o(b) = n\), 且 a, b 均为 g 的幂."
algebra_31,近世代数,"设群 G 中两个元 g, h 可换, \(o(g) = m\), \(o(h) = n\). 记 \((m, n)\), \([m, n]\) 分别是 m, n 的最大公因子和最小公倍数. 则
\[
o(g^{n}h^{m}) = \frac{[m, n]}{(m, n)};
\]
(2) G 中存在阶为 \((m, n)\) 的元;
(3) G 中存在阶为 \([m, n]\) 的元."
algebra_32,近世代数,"设 A 是群 G 的有限子集, 则 A 是 G 的子群当且仅当对任意元 \(a, b \in A\), \(ab \in A\)."
algebra_33,近世代数,"设 A, B 分别是群 G 的两个子群, 试证 \(A \cup B\) 是 G 的子群当且仅当 \(A \le B\) 或 \(B \le A\). 利用这个事实证明群 G 不能表示成两个真子群的并."
algebra_34,近世代数,"设 A, B 是群 G 的两个子群, 试证 \(AB \le G\) 当且仅当 \(AB = BA\)."
algebra_35,近世代数,"设 A, B 是群 G 的两个子群且 \(G = AB\). 如果子群 C 包含 A, 则 \(C = A(B \cap C)\)."
algebra_36,近世代数,"设 A 和 B 是有限群 G 的两个非空子集. 若 \(|A| + |B| > |G|\), 则 \(G = AB\)."
algebra_37,近世代数,"设 A 和 B 均为群 G 的子群, 则
(1) \(g(A \cap B) = gA \cap gB, \forall g \in G\).
(2) 若 A 和 B 均有有限的指数, 则 \(A \cap B\) 也有有限的指数."
algebra_38,近世代数,"如果 R 是群 G 对于子群 A 的右陪集代表元系, 则 \(R^{-1}\) 是群 G 对于 A 的左陪集代表元系."
algebra_39,近世代数,"设 \(A \le G\), \(B \le G\). 如果存在 \(a, b \in G\), 使得 \(Aa = Bb\), 则 \(A = B\)."
algebra_40,近世代数,"设 \(n > 2\), 则有限群 G 中有偶数个阶为 n 的元."
algebra_41,近世代数,"设 \(a, b\) 是群 G 的任意两个元, 试证 a 和 \(a^{-1}\), ab 和 ba 有相同的阶."
algebra_42,近世代数,"设 \(A \le G\), 试证 \(C_{G}C_{G}C_{G}(A) = C_{G}(A)\)."
algebra_43,近世代数,试证有限群 G 的一个真子群的全部共轭子群之并不能覆盖整个群 G. 结论对无限群是否成立?
algebra_44,近世代数,"设 H 和 K 分别是有限群 G 的两个子群, 试证:
\[
|HgK| = |H|[K:K\cap g^{-1}Hg] = |K|[H:H\cap gKg^{-1}].
\]"
algebra_45,近世代数,"设 A 是群 G 的具有有限指数的子群, 试证: 存在 G 的一组元 \(g_{1}, g_{2}, \dots, g_{m}\), 它们既可以作为 A 在 G 中的右陪集代表元系, 又可以作为 A 在 G 中的左陪集代表元素."
algebra_46,近世代数,"令 \(G = GL(n, \mathbb{C})\), P 是主对角线上的元均为 1 的 \(n \times n\) 上三角方阵全体形成的 G 的子群. 确定 \(N_{G}(P), C_{G}(P)\) 和 P 的中心 \(Z(P)\)."
algebra_47,近世代数,"设 G 是有限 Abel 群, 试证 g 对应到 \(g^{k}\) 是 G 的一个自同构当且仅当 k 和 \(|G|\) 互素."
algebra_48,近世代数,"设 G 是奇数阶有限群, \(\alpha \in \operatorname{Aut}(G)\) 且 \(\alpha^{2} = 1\). 令
\[
G_{1} = \{g \in G \mid \alpha(g) = g\}, \quad G_{-1} = \{g \in G \mid \alpha(g) = g^{-1}\}.
\]
试证: \(G = G_{1}G_{-1}\) 且 \(G_{1} \cap G_{-1} = 1\)."
algebra_49,近世代数,"设群 G 的元 \(a_{1}, a_{2}, b_{1}, b_{2}\) 满足
\[
a_{1}b_{1} = a_{2}b_{2} = b_{1}a_{1} = b_{2}a_{2}, \quad a_{1}^{m} = a_{2}^{m} = b_{1}^{n} = b_{2}^{n} = 1,
\]
其中 m 和 n 是互素的正整数. 则 \(a_{1} = a_{2}, b_{1} = b_{2}\)."
algebra_50,近世代数,"证明 Euler 定理: 若 n 是正整数, a 是与 n 互素的整数, 则 \(a^{\varphi(n)} \equiv 1 \pmod{n}\), 其中 \(\varphi(n)\) 是 Euler 函数, 即 \(\varphi(n)\) 是与 n 互素的不超过 n 的正整数的个数. 特别地, 若 p 是素数, 则得到 Fermat 小定理: \(a^{p} \equiv a \pmod{p}, \forall a \in \mathbb{Z}\)."
algebra_51,近世代数,"设 n 是正整数, 试证: 满足方程 \(x^{n} = 1\) 的复数的集合 G 在通常乘法下是一个 n 阶循环群."
algebra_52,近世代数,群 G 没有非平凡子群的充分必要条件是 \(G = \{1\}\) 或是素数阶循环群.
algebra_53,近世代数,"(1) 设 a 和 b 是群 G 的元, 阶数分别是 n 和 m, \((n, m) = 1\) 且 \(ab = ba\). 求 \(|\langle ab \rangle|\).
(2) 设群 G 中元 g 的阶 \(o(g)\) 与正整数 n 互素, 在 \(\langle g \rangle\) 中求解方程 \(x^{n} = g\)."
algebra_54,近世代数,"真子群 M 称为群 G 的极大子群, 如果不存在 G 的子群 B 使得 \(M < B < G\). 确定无限循环群的全部极大子群."
algebra_55,近世代数,"如果有限群 G 有唯一的极大子群, 则 G 是素数幂阶循环群."
algebra_56,近世代数,"举一个无限群的例子, 它的任意阶数不为 1 的子群都具有有限指数."
algebra_57,近世代数,"设 p 是一个素数, \(G = \{x \in \mathbb{C} \mid \text{存在正整数 } n \text{ 使得 } x^{p^{n}} = 1\}\), 则 G 对于复数的乘法作成群. 试证 G 的任意真子群都是有限阶的循环群."
algebra_58,近世代数,"若群 G 只有有限多个子群, 则 G 是有限群."
algebra_59,近世代数,"有理数加法群 \(\mathbb{Q}\) 不是循环群, 但它的任意有限生成的子群都是循环群."
algebra_60,近世代数,"在 n 阶循环群 G 中, 对 n 的每个正因子 m, 阶为 m 的元恰好有 \(\varphi(m)\) 个, 其中 \(\varphi(m)\) 是与 m 互素且不超过 m 的正整数的个数. 由此证明等式 \(\sum_{m\mid n} \varphi(m) = n\)."
algebra_61,近世代数,"设 G 是一个 n 阶有限群, 若对 n 的每一个因子 m, G 中至多只有一个 m 阶子群, 则 G 是循环群."
algebra_62,近世代数,"群 G 是循环群当且仅当 G 的任一子群形如 \(G^{m} = \{g^{m} \mid g \in G\}\), 其中 m 是非负整数."
algebra_63,近世代数,"令 G 是实数对 \((a, b)\), \(a \neq 0\) 带有乘法 \((a, b)(c, d) = (ac, ad + b)\) 的群. 试证: \(K = \{(1, b) \mid b \in \mathbb{R}\}\) 是 G 的正规子群且 \(G/K \cong \mathbb{R}^{*}\), 这里 \(\mathbb{R}^{*}\) 是非零实数的乘法群."
algebra_64,近世代数,"设 G 是群, \(N < M < G\).
(1) 如果 \(N \lhd G\), 则 \(N \lhd M\).
(2) 如果 \(N \lhd M\), \(M \lhd G\), N 是否一定是 G 的正规子群?"
algebra_65,近世代数,"试证:
(1) 群 G 的中心 \(Z(G)\) 是 G 的正规子群.
(2) 群 G 的指数为 2 的子群 N 一定是 G 的正规子群."
algebra_66,近世代数,"(1) 设 \(N \lhd G\), M 是 G 的子群且 \(N \le M\). 则 \(N_{G}(M)/N = N_{\overline{G}}(\overline{M})\), 这里 \(\overline{G} = G/N\), \(\overline{M} = M/N\).
(2) 设 \(f: G \to H\) 是群同态, \(M \le G\). 试证 \(f^{-1}(f(M)) = KM\), 这里 \(K = \operatorname{Ker} f\).
(3) 设 \(f: G \to H\) 是群同态. 若 g 是 G 的一个有限阶元, 则 \(f(g)\) 的阶整除 g 的阶."
algebra_67,近世代数,"设 M 和 N 分别是群 G 的正规子群. 如果 \(M \cap N = 1\), 则对任意 \(a \in M\), \(b \in N\) 有 \(ab = ba\)."
algebra_68,近世代数,"设 \(N \lhd G\), g 是群 G 的任意一个元. 若 g 的阶和 \(|G/N|\) 互素, 则 \(g \in N\)."
algebra_69,近世代数,"如果 \(G/Z(G)\) 是循环群, 则 G 是 Abel 群."
algebra_70,近世代数,用 \(I(G)\) 表示 G 的全部内自同构组成的集合. 试证: \(I(G) \le \operatorname{Aut}(G)\) 且 \(I(G) \cong G/Z(G)\).
algebra_71,近世代数,"试证非可换群 G 的自同构群 \(\operatorname{Aut}(G)\) 不是循环群. 特别地, 若群 G 只有素数个自同构, 则 G 是可换群."
algebra_72,近世代数,"用 \([G, G]\) 表示群 G 的换位子群, 即由所有换位子 \([g, h] = ghg^{-1}h^{-1}\) (\(g, h \in G\)) 生成的 G 的子群; 记 \(G^{(1)} = [G, G]\), \(G^{(n)} = [G^{(n-1)}, G^{(n-1)}]\), \(\forall n > 1\). 则 \(G^{(n)}\) 均是 G 的正规子群, \(\forall n \ge 1\)."
algebra_73,近世代数,"设 \(N \lhd G\), \(N \cap [G, G] = \{1\}\), 则 \(N \le Z(G)\)."
algebra_74,近世代数,"群 G 的非平凡子群 N 称为 G 的极小子群, 如果不存在子群 B 使得 \(1 \subsetneq B \subsetneq N\). 试证:
(1) 整数加法群 \(\mathbb{Z}\) 没有极小子群.
(2) 有理数加法群 \(\mathbb{Q}\) 既没有极小子群也没有极大子群."
algebra_75,近世代数,"设 \(\alpha\) 是有限群 G 的自同构. 令 \(I = \{g \in G \mid \alpha(g) = g^{-1}\}\). 试证:
(1) 若 \(|I| > \frac{3}{4}|G|\), 则 G 是 Abel 群.
(2) 若 \(|I| = \frac{3}{4}|G|\), 则 G 一定有指数为 2 的 Abel 正规子群."
algebra_76,近世代数,把置换 \(\sigma = (456)(567)(761)\) 写成不相交轮换的积.
algebra_77,近世代数,"讨论置换
\[
\sigma = \begin{pmatrix} 1 & 2 & \cdots & n-1 & n \\ n & n-1 & \cdots & 2 & 1 \end{pmatrix}
\]
的奇偶性."
algebra_78,近世代数,一个置换的阶等于它的轮换表示中各个轮换因子的长度的最小公倍数.
algebra_79,近世代数,"设 \(\sigma = (12\dots n) \in S_{n}\), 证明: \(C_{S_{n}}(\sigma) = \langle \sigma \rangle\)."
algebra_80,近世代数,"试证当 \(n \ge 3\) 时, 中心 \(Z(S_{n}) = \{1\}\)."
algebra_81,近世代数,"当 \(n \ge 3\) 时, 试证 \(n-2\) 个 3 轮换 \((123), (124), \dots, (12n)\) 是 \(A_{n}\) 的生成元."
algebra_82,近世代数,试证 \(A_{4}\) 没有 6 阶子群.
algebra_83,近世代数,"设 \(\sigma_{1}\) 和 \(\sigma_{2}\) 是 \(S_{n}\) 中的两个偶置换. 若 \(\sigma_{1}\) 和 \(\sigma_{2}\) 在 \(S_{n}\) 中共轭, 则它们在 \(A_{n}\) 中也一定共轭吗?"
algebra_84,近世代数,确定 \(S_{4}\) 的全部正规子群.
algebra_85,近世代数,"试证:
(1) 对称群 \(S_{n}\) 是交错群 \(A_{2n}\) 的子群.
(2) 每个有限群均是某个交错群的子群."
algebra_86,近世代数,"\(S_{n}\) 中型为 \(1^{\lambda_{1}}2^{\lambda_{2}}\dots n^{\lambda_{n}}\) 的置换共有 \(n! / \prod_{i=1}^{n} i^{\lambda_{i}} \lambda_{i}!\) 个, 由此证明
\[
\sum_{\lambda} \frac{1}{\prod_{i=1}^{n} i^{\lambda_{i}} \lambda_{i}!} = 1,
\]
其中 \(\lambda\) 取遍所有的型, 即 \(\lambda\) 取遍所有的数组 \((\lambda_{1}, \lambda_{2}, \dots, \lambda_{n})\), \(\lambda_{i}\) 均为非负整数且满足 \(\lambda_{1} + 2\lambda_{2} + \dots + n\lambda_{n} = n\)."
algebra_87,近世代数,"当 \(n \ge 2\) 时, 试证 \((12)\) 和 \((123\dots n)\) 是 \(S_{n}\) 的一组生成元."
algebra_88,近世代数,"设 G 作用在集合 S 上, 对任意 \(a, b \in S\), 若存在 \(g \in G\) 使得 \(ga = b\), 则 \(G_{a} = g^{-1}G_{b}g\). 换句话说, 同一轨道中元的固定子群彼此共轭."
algebra_89,近世代数,"设群 G 在集合 S 上的作用是可迁的, N 是 G 的正规子群, 则 S 在 N 作用下的每个轨道有同样多的元."
algebra_90,近世代数,"(Burnside 引理) 设群 G 作用在集合 S 上, 令 t 表示 S 在 G 作用下的轨道的条数. 对任意 \(g \in G\), \(F(g)\) 表示 S 在 g 作用下不动点的个数, 即 \(F(g) = |\{x \in S \mid gx = x\}|\). 试证
\[
t = \frac{\sum_{g \in G} F(g)}{|G|}.
\]"
algebra_91,近世代数,求正四面体、正六面体、正八面体、正十二面体和正二十面体的旋转群和对称群各有多少个元?
algebra_92,近世代数,"设 p 是一个素数, G 是 p 的方幂阶的群. 试证 G 的非正规子群的个数一定是 p 的倍数."
algebra_93,近世代数,"令 G 是一个单群, 如果存在 G 的真子群 H 使得 \([G:H] \le 4\), 则 \(|G| \le 3\)."
algebra_94,近世代数,"设 H 是群 G 的指数为 \(n < \infty\) 的真子群, 试证 H 一定含有 G 的一个有有限指数的真正规子群. 如果还有 \(|G| > n!\), 则 G 不是单群."
algebra_95,近世代数,"试证一般线性群 \(GL(n, \mathbb{C})\) 不含有指数有限的真子群."
algebra_96,近世代数,求对称群 \(S_{3}\) 的自同构群 \(\operatorname{Aut}(S_{3})\).
algebra_97,近世代数,"令 G 是阶数为 \(2^{n}m\) 的群, 其中 m 是奇数. 如果 G 含有一个 \(2^{n}\) 阶的元, 则 G 含有一个指数为 \(2^{n}\) 的正规子群."
algebra_98,近世代数,"设 \(\alpha\) 是有限群 G 的一个自同构. 若 \(\alpha\) 把每个元都变到它在 G 中的共轭元, 即对任意 \(g \in G\), g 和 \(\alpha(g)\) 共轭, 则 \(\alpha\) 的阶的每个素因子都是 \(|G|\) 的因子."
algebra_99,近世代数,"设 p 是 \(|G|\) 的最小素因子. 若 p 阶子群 \(A \lhd G\), 则 \(A \le Z(G)\). 特别地, p-群 G 的 p 阶正规子群含于 G 的中心."
algebra_100,近世代数,"设 p 是 \(|G|\) 的素因子, 则 G 有 p 阶元."
algebra_101,近世代数,"设 p 是 \(|G|\) 的素因子, 则方程 \(x^{p} = 1\) 在 G 中的解的个数是 p 的倍数."
algebra_102,近世代数,证明 6 阶非 Abel 群只有 \(S_{3}\).
algebra_103,近世代数,200 阶群有正规的 Sylow 子群.
algebra_104,近世代数,确定 \(S_{4}\) 的 Sylow 子群的个数.
algebra_105,近世代数,"设 P 是有限群 G 的 Sylow p-子群, \(N_{G}(P) \lhd G\). 证明 \(P \lhd G\)."
algebra_106,近世代数,"设 N 是有限群 G 的正规子群. 若素数 p 和 \(|G/N|\) 互素, 则 N 包含 G 的所有 Sylow p-子群."
algebra_107,近世代数,"设 N 是有限群 G 的正规子群, P 是 G 的 Sylow p-子群. 则
(1) \(N \cap P\) 是 N 的 Sylow p-子群.
(2) \(PN/N\) 是 \(G/N\) 的 Sylow p-子群.
(3) \((N_{G}(P)N)/N = N_{G/N}(PN/N)\)."
algebra_108,近世代数,"设 G 是集合 \(\Sigma\) 上的置换群, P 是 G 的 Sylow p-子群, \(a \in \Sigma\). 若 \(p^{m} \mid |Ga|\), 则 \(p^{m} \mid |Pa|\)."
algebra_109,近世代数,确定恰有 3 个共轭类的有限非交换群 G.
algebra_110,近世代数,"设 P 是有限群 G 的 Sylow p-子群, H 是 G 的子群, \(p \mid |H|\). 则存在 \(a \in G\) 使得 \(aPa^{-1} \cap H\) 是 H 的 Sylow p-子群."
algebra_111,近世代数,"24,36,48 阶群均非单."
algebra_112,近世代数,确定 \(S_{4}\) 的自同构群 \(\operatorname{Aut}(S_{4})\).
algebra_113,近世代数,"设 \(P_{1}, \dots, P_{t}\) 是有限群 G 的全部 Sylow p-子群. 若对 \(i \neq j\), \(1 \le i \le t\), \(1 \le j \le t\), 总有 \([P_{i}:P_{i}\cap P_{j}] \ge p^{r}\), 则 \(t \equiv 1 \pmod{p^{r}}\)."
algebra_114,近世代数,"设 G 是集合 \(\Sigma\) 上的置换群, \(a \in \Sigma\), P 是固定子群 \(G_{a}\) 的 Sylow p-子群, \(\Delta\) 是轨道 \(Ga\) 在 P 作用下的全部不动点的集合. 证明 \(N_{G}(P)\) 在 \(\Delta\) 上的作用是可迁的."
algebra_115,近世代数,"设 G 是 24 阶群且中心 \(Z(G) = 1\), 证明 \(G \cong S_{4}\)."
algebra_116,近世代数,"设 \(G_{i}\) (\(1 \le i \le n\)) 为群, \(N_{i} \le G_{i}\), 则
(1) \(G_{1} \times G_{2} \cong G_{2} \times G_{1}\).
(2) \((G_{1} \times G_{2}) \times G_{3} \cong G_{1} \times (G_{2} \times G_{3})\).
(3) \(Z(G_{1} \times \dots \times G_{n}) = Z(G_{1}) \times \dots \times Z(G_{n})\).
(4) \(G_{1} \times \dots \times G_{n}\) 为 Abel 群当且仅当每个 \(G_{i}\) 均为 Abel 群.
(5) \(N_{1} \times \dots \times N_{n} \le G_{1} \times \dots \times G_{n}\).
(6) \(N_{1} \times \dots \times N_{n} \lhd G_{1} \times \dots \times G_{n}\) 当且仅当对每个 i, \(N_{i} \lhd G_{i}\).
(7) 当 \(N_{1} \times \dots \times N_{n} \lhd G_{1} \times \dots \times G_{n}\) 时, \((G_{1} \times \dots \times G_{n})/(N_{1} \times \dots \times N_{n}) \cong (G_{1}/N_{1}) \times \dots \times (G_{n}/N_{n})\)."
algebra_117,近世代数,"若 \(n \ge 3\), 试问 \(A_{n} \times \mathbb{Z}_{2}\) 与 \(S_{n}\) 是否同构?"
algebra_118,近世代数,"设 \(G = G_{1} \times \dots \times G_{n}\), H 是 G 的子群. 问 H 是否一定形如 \(H = H_{1} \times \dots \times H_{n}\), 其中 \(H_{i} \le G_{i}\)?"
algebra_119,近世代数,"设 \(G = G_{1} \times G_{2}\), \(H \lhd G\) 且 \(H \cap G_{i} = \{1\}\), \(i = 1,2\). 试证 \(H \le Z(G)\). 特别地, H 是 Abel 群."
algebra_120,近世代数,"令 \(G = G_{1} \times \dots \times G_{n}\), 且对任意 \(i \neq j\), \(|G_{i}|\) 和 \(|G_{j}|\) 互素. 则 G 的任意子群 H 都是它的子群 \(H \cap G_{i}\) (\(i = 1,\dots,n\)) 的直积."
algebra_121,近世代数,"设 G 是有限生成的自由 Abel 群, \(\operatorname{rank}(G) = r\). 如果 \(g_{1}, \dots, g_{n}\) 是 G 的一组生成元, 则 \(n \ge r\)."
algebra_122,近世代数,"如果 n 是正奇数, 求证 \(D_{2n} \cong D_{n} \times \mathbb{Z}_{2}\)."
algebra_123,近世代数,"以 \(\mathbb{C}^{*}\) 表示非零复数乘法群, \(\mathbb{R}^{+}\) 为正实数乘法群, \(\mathbb{R}\) 为实数加法群, \(\mathbb{Z}\) 为整数加法群, 则
\[
\mathbb{C}^{*} \cong \mathbb{R}^{+} \times \mathbb{R}/(2\pi \mathbb{Z}).
\]"
algebra_124,近世代数,"设 \(n_{1}, \dots, n_{r}\) 为自然数, 则
(1) \(\mathbb{Z}_{n_{1}} \times \mathbb{Z}_{n_{2}} \cong \mathbb{Z}_{n_{1}n_{2}}\) 当且仅当 \((n_{1}, n_{2}) = 1\).
(2) 如果 \(n_{1}, \dots, n_{r}\) 两两互素, 则 \(\mathbb{Z}_{n_{1}} \times \dots \times \mathbb{Z}_{n_{r}} \cong \mathbb{Z}_{n_{1}\dots n_{r}}\)."
algebra_125,近世代数,试证 \(7 \cdot 11 \cdot 13\) 阶群一定是循环群.
algebra_126,近世代数,试证 \(5 \cdot 7 \cdot 13\) 阶群为循环群.
algebra_127,近世代数,"设 \(G_{1}\) 和 \(G_{2}\) 是两个非交换单群, 试证 \(G_{1} \times G_{2}\) 的非平凡正规子群只有 \(G_{1}\) 和 \(G_{2}\)."
algebra_128,近世代数,"令 \(G = \langle g_{1}, g_{2}, \dots, g_{n} \rangle\). 如果 G 的子群 A 具有有限指数 m, 则 A 可以由 \(2nm\) 个元生成."
algebra_129,近世代数,"试证: 定义关系为
\[
x_{i}^{2} = 1,\ i = 1, \dots, n-1,
\]
\[
x_{i}x_{j} = x_{j}x_{i},\ i \text{与} j \text{不相邻} (\text{即} j < i-1),
\]
\[
(x_{i}x_{i+1})^{3} = 1,\ i < n-2 \quad (\text{即} x_{i}x_{i+1}x_{i} = x_{i+1}x_{i}x_{i+1})
\]
的 \(n-1\) 个元 \(x_{1}, \dots, x_{n-1}\) 生成的群 \(G_{n}\) 同构于对称群 \(S_{n}\)."
algebra_130,近世代数,"试证: 对 \(n \ge 3\), 定义关系为
\[
x_{1}^{3} = 1,
\]
\[
x_{i}^{2} = 1,\ i = 2, \dots, n-2,
\]
\[
(x_{i}x_{i+1})^{3} = 1,\ i = 1, \dots, n-3,
\]
\[
(x_{i}x_{j})^{2} = 1,\ i = 1, \dots, n-4,\ j > i+1
\]
的 \(n-2\) 个元 \(x_{1}, \dots, x_{n-2}\) 生成的群 \(G_{n}\) 同构于交错群 \(A_{n}\)."
algebra_131,近世代数,用不变因子的方式写出所有互不同构的 360 阶 Abel 群.
algebra_132,近世代数,试证: 有限生成 Abel 群 G 是有限群当且仅当 G 的一组生成元均是有限元.
algebra_133,近世代数,试证有限生成 Abel 群 G 是自由 Abel 群当且仅当 G 的每个非零元都是无限阶元.
algebra_134,近世代数,"设 \(\mathbb{Q}^{+}\) 是正有理数乘法群, 试证:
(1) \(\mathbb{Q}^{+}\) 是自由 Abel 群, \(\{p \mid p \text{ 是素数}\}\) 是它的一组基.
(2) \(\mathbb{Q}^{+}\) 不是有限生成的."
algebra_135,近世代数,"设 \(\mathbb{Q}\) 是有理数加法群, 试证:
(1) \(\mathbb{Q}\) 不是自由 Abel 群.
(2) \(\mathbb{Q}\) 的任意有限生成的子群都是循环群, 但 \(\mathbb{Q}\) 不是循环群."
algebra_136,近世代数,"设 A 为有限 Abel 群, 则对于 \(|A|\) 的每个正因子 d, A 均有 d 阶子群和 d 阶商群."
algebra_137,近世代数,"设 H 是有限 Abel 群 A 的子群, 则有 A 的子群同构于 \(A/H\)."
algebra_138,近世代数,"如果有限 Abel 群 A 不是循环群, 则存在素数 p 使得 A 有子群同构于 \(\mathbb{Z}_{p}^{2} = \mathbb{Z}_{p} \oplus \mathbb{Z}_{p}\)."
algebra_139,近世代数,"试证: 当 \((m, n) = 1\) 时, \(\mathbb{Z}_{m} \oplus \mathbb{Z}_{n}\) 的不变因子组为 \(\{mn\}\); 而当 \((m, n) > 1\) 时, \(\mathbb{Z}_{m} \oplus \mathbb{Z}_{n}\) 的不变因子组为 \(\{(m, n), [m, n]\}\)."
algebra_140,近世代数,求 \(\mathbb{Z}_{2} \oplus \mathbb{Z}_{9} \oplus \mathbb{Z}_{35}\) 的初等因子组和不变因子组.
algebra_141,近世代数,试证非零复数乘法群 \(\mathbb{C}^{*}\) 的每个有限子群都是循环群.
algebra_142,近世代数,"设 G, A, B 均为有限 Abel 群. 如果 \(G \oplus A \cong G \oplus B\), 求证 \(A \cong B\)."
algebra_143,近世代数,"设 p 是一个素数, \(\mathbb{Z}_{p^{3}} \oplus \mathbb{Z}_{p^{2}}\) 有多少个 \(p^{2}\) 阶子群?"
algebra_144,近世代数,"设 G 是 n 个 p 阶群的直和, 问 G 有多少个极大子群?"
algebra_145,近世代数,"如果有限群 G 的每个极大子群都是单群且都在 G 中正规, 则 G 只能是 p 阶群, 或 \(p^{2}\) 阶群, 或 \(pq\) 阶循环群, p, q 是不同的素数."
algebra_146,近世代数,"设 \(G = \mathbb{Z}_{p} \oplus \mathbb{Z}_{p}\), p 是素数, 则 G 有 p 阶自同构."
algebra_147,近世代数,"设 \(|G| = p^{a} q^{b}\), p, q 是不同的素数. 若群 G 没有 p 阶自同构, 则 \(a = 0\) 或 1."
algebra_148,近世代数,求 \(D_{4}\) 和 \(Q_{8}\) 的中心 \(Z(D_{4})\) 和 \(Z(Q_{8})\).
algebra_149,近世代数,每一子群都是正规子群的群称为 Hamilton 群. 试证 \(Q_{8}\) 是 (非交换的) Hamilton 群.
algebra_150,近世代数,"设 \(|G| = p^{n}\), \(n \ge 1\), 则阶为 \(p^{n-1}\) 的子群 H 一定是正规的."
algebra_151,近世代数,确定所有互不同构的 18 阶群.
algebra_152,近世代数,确定所有互不同构的 20 阶群.
algebra_153,近世代数,"设 p, q 是两个素数, \(p < q\). 试证: \(pq\) 阶非 Abel 群 G 一定可以由下述生成元和定义关系给出:
\[
G = \langle a, b \mid a^{p} = 1 = b^{q}, a^{-1}ba = b^{r} \rangle,
\]
其中 \(r^{p} \equiv 1 \pmod{q}\), q 不整除 \(r-1\), p 整除 \(q-1\)."
algebra_154,近世代数,"设 p 是奇素数, 试证 \(p^{3}\) 阶非 Abel 群 G 可以由下述生成元和定义关系给出:
\[
G = \langle a, b \mid a^{p^{2}} = b^{p} = 1, b^{-1}ab = a^{1+p} \rangle.
\]
\[
G = \langle a, b, c \mid a^{p} = b^{p} = c^{p} = 1, ac = ca, cb = bc, ab = bac \rangle.
\]"
algebra_155,近世代数,"设 \(I^{(1)}(G)\) 是 G 的内自同构群, \(I^{(n)}(G)\) 是 \(I^{(n-1)}(G)\) 的内自同构群. 试证: G 是幂零群当且仅当存在 \(n \ge 1\) 使得 \(I^{(n)}(G) = \{1\}\)."
algebra_156,近世代数,"设 a 和 b 是有限幂零群 G 的两个元, \(a^{m} = b^{n} = 1\) 且 \((m, n) = 1\). 试证 \(ab = ba\)."
algebra_157,近世代数,"设 G 是有限幂零群, 试证:
(1) 如果 \(\{1\} \neq N \lhd G\), 则 \(N \cap Z(G) \neq \{1\}\).
(2) 设 G 是非 Abel 群, A 是 G 的正规子群集合中的极大元, 且 A 是 Abel 群, 则 \(C_{G}(A) = A\)."
algebra_158,近世代数,"设 a, b 是群 G 的任意两个元. 如果 a, b 和它们的换位子 \([a, b]\) 可交换, 则对任意整数 m 和 n, \([a^{m}, b^{n}] = [a, b]^{mn}\)."
algebra_159,近世代数,"设 A, B 是群 G 的两个子群, \([A, B]\) 表示由 \(\{[a, b] \mid a \in A, b \in B\}\) 生成的群, \(\langle A, B \rangle\) 表示由 \(A \cup B\) 生成的群. 试证:
(1) \([A, B] \lhd \langle A, B \rangle\).
(2) \(A \lhd G\) 当且仅当 \([A, G] \le A\).
(3) 如果 \(B \lhd G\) 且 \(B \le A\), 则 \(A/B \le Z(G/B)\) 当且仅当 \([A, G] \le B\)."
algebra_160,近世代数,"对任意群 G, 定义 \(r_{1}(G) = G\), \(r_{2}(G) = [G, G]\), 一般地, \(r_{n}(G) = [r_{n-1}(G), G]\). 试证: G 是幂零群当且仅当存在 \(n \ge 1\) 使得 \(r_{n}(G) = \{1\}\)."
algebra_161,近世代数,"求二面体群 \(D_{n}\) 的换位子群, 这里 \(D_{n} = \langle a, b \mid a^{n} = b^{2} = 1, b^{-1}ab = a^{-1} \rangle\)."
algebra_162,近世代数,"试证: 对称群 \(S_{3}\) 和 \(S_{4}\) 是可解群, 但不是幂零群."
algebra_163,近世代数,"设 \(N \lhd G\). 如果 N 和 \(G/N\) 均为幂零群, G 是否为幂零群?"
algebra_164,近世代数,"设 \(N \le Z(G)\), 试证: 如果 \(G/N\) 为幂零群, 则 G 为幂零群."
algebra_165,近世代数,"设 \(G = S_{4}\), 试证 \(G/G^{(2)} \cong S_{3}\)."
algebra_166,近世代数,"设 A 是群 G 的循环的正规子群. 试证 A 和 \(G'\) 按元可交换, 即对任意 \(a \in A\), \(x \in G'\), \(ax = xa\)."
algebra_167,近世代数,"设 \(\alpha\) 是群 G 的一个自同构. 如果对任意 \(g \in G\), \(g^{-1}\alpha(g) \in Z(G)\), 则对导群 \(G'\) 的任意元 a, \(\alpha(a) = a\)."
algebra_168,近世代数,"设 p, q, r 是三个素数, 不一定不相同, 试证: \(pqr\) 阶群是可解群."
algebra_169,近世代数,有限群 G 是可解群当且仅当 G 的合成因子均是素数阶循环群.
algebra_170,近世代数,"(1) 求 \(S_{4}\) 的导出列、合成列和合成因子.
(2) 求四元数群 \(Q_{8}\) 的所有合成列."
algebra_171,近世代数,"设 G 是 \(p^{3}\) 阶非交换群, p 为素数. 则 \(Z(G) = G^{(1)}\)."
algebra_172,近世代数,求对称群 \(S_{n}\) 和交替群 \(A_{n}\) 的导出列.
algebra_173,近世代数,阶为素数幂的群 G 是可解群.
algebra_174,近世代数,"对于有限群 G 来说, 下述命题等价:
(1) G 是可解群, 即有正整数 n 使得 \(G^{(n)} = \{1\}\), 其中 \(G^{(n)}\) 是 G 的第 n 次导群.
(2) G 有终止于 \(\{1\}\) 的正规群列, 即存在 \(G = G_{0} \rhd G_{1} \rhd \cdots \rhd G_{m} = \{1\}\), 且 \(G_{i} \lhd G\), \(1 \le i \le m\), 使得每个因子群 \(G_{i-1}/G_{i}\) 均为 Abel 群, \(1 \le i \le m\).
(3) G 有终止于 \(\{1\}\) 的次正规群列, 即存在 \(G = G_{0} \rhd G_{1} \rhd \cdots \rhd G_{m} = \{1\}\), 使得每个因子群 \(G_{i-1}/G_{i}\) 均为 Abel 群, \(1 \le i \le m\).
(4) G 有终止于 \(\{1\}\) 的次正规群列, 使得每个因子群均为素数阶循环群.
(5) G 有终止于 \(\{1\}\) 的次正规群列, 使得每个因子群的阶均为素数幂."
